Apelido,Nome,Cidade,Fundacao
12 Horas,Esporte Clube 12 Horas,Porto Alegre,14/08/2001
14 de Julho,Grêmio Esportivo e Recreativo 14 de Julho,Passo Fundo,27/06/1921
15 de Novembro,Clube 15 de Novembro,Campo Bom,15/11/1911
A.E. São Borja,Associação Esportiva São Borja,São Borja,19/02/2009
Aimoré,Clube Esportivo Aimoré,São Leopoldo,26/03/1936
Alegrete,Associação Atlética Alegrete,Alegrete,20/02/1973
Americano,Sport Club Americano,Porto Alegre,04/07/1912
Armour,Armour Futebol Clube,Santana do Livramento,17/06/1917
Atlântico,Clube Esportivo e Recreativo Atlântico,Erechim,20/09/1915
Atlético Carazinho,Clube Atlético de Carazinho,Carazinho,01/07/1970
Avenida,Esporte Clube Avenida,Santa Cruz do Sul,06/01/1944
Bagé,Grêmio Esportivo Bagé,Bagé,05/08/1920
Bancário,Clube Atlético Bancário,Pelotas,10/12/1925
Botafogo,Botafogo Foot-Ball Club,São Gabriel,13/05/1936
Brasil de Farroupilha,Sociedade Esportiva Recreativa e Cultural Brasil,Farroupilha,15/01/1939
Brasil de Pelotas,Grêmio Esportivo Brasil,Pelotas,07/09/1911
Cachoeira,Cachoeira Futebol Clube,Cachoeira do Sul,24/02/1914
Canoas,Canoas Sport Club,Canoas,23/01/1998
Caxias,Sociedade Esportiva e Recreativa Caxias do Sul,Caxias do Sul,10/04/1935
Cruz Alta,Sociedade Esportiva e Recreativa Cruz Alta,Cruz Alta,26/09/2007
Cruzeiro,Esporte Clube Cruzeiro,Cachoeirinha,14/07/1913
Cruzeiro-SG,Esporte Clube Cruzeiro,São Gabriel,31/12/1951
Dínamo,Dínamo Futebol Clube,Santa Rosa,20/09/1970
Elite,Elite Clube Desportivo,Santo Ângelo,30/09/1921
Encantado,Esporte Clube Encantado,Encantado,21/04/1942
Esperança,Football-Club Esperança,Novo Hamburgo,10/05/1914
Esportivo,Clube Esportivo Bento Gonçalves,Bento Gonçalves,28/08/1919
Estrela,Estrela Futebol Clube,Estrela,17/11/1931
Farroupilha,Grêmio Atlético Farroupilha,Pelotas,26/04/1926
Ferro Carril,Esporte Clube Ferro Carril,Uruguaiana,01/03/1916
Ferroviário,Grêmio Sportivo Ferroviário,Bagé,06/05/1933
Fluminense,Fluminense Futebol Clube,Santana do Livramento,23/03/1936
Gaúcho,Sport Club Gaúcho,Passo Fundo,12/05/1918
Glória,Grêmio Esportivo Glória,Vacaria,15/11/1956
Glória de Carazinho,Grêmio Atlético Glória,Carazinho,18/06/1933
Grêmio,Grêmio Foot-Ball Porto Alegrense,Porto Alegre,15/09/1903
Grêmio Santanense,Grêmio Foot-Ball Santanense,Santana do Livramento,11/06/1913
Guarani de Alegrete,Guarani Futebol Clube,Alegrete,20/09/1912
Guarani de Venâncio Aires,Esporte Clube Guarani,Venâncio Aires,06/01/1944
Guarany de Bagé,Guarany Futebol Clube,Bagé,19/04/1907
Guarany de Camaquã,Guarany Futebol Clube,Camaquã,16/06/1946
Guarany de Cruz Alta,Sport Club Guarany,Cruz Alta,20/09/1913
Guarany de Garibaldi,Grêmio Atlético Guarany,Garibaldi,14/08/1940
Guarany de Rosário,Sport Club Guarany,Rosário do Sul,03/02/1909
Guarany-CS,Guarany Futebol Clube,Cachoeira do Sul,1917
Guarany/Cotriel,Clube Atlético Guarany,Espumoso,01/07/1956
Igrejinha,Esporte Clube Igrejinha,Igrejinha,26/04/1930
Independente,Independente Futebol Clube,Santana do Livramento,07/09/1921
Inter SM,Esporte Clube Internacional,Santa Maria,16/05/1928
Inter de Rosário,Atlético Clube Internacional,Rosário do Sul,09/07/1938
Inter de São Borja,Sport Club Internacional,São Borja,07/07/1931
Internacional,Sport Club Internacional,Porto Alegre,04/04/1909
Ipiranga de Sarandi,Esporte Clube Ipiranga Sarandi,Sarandi,14/04/1947
Juventude,Esporte Clube Juventude,Caxias do Sul,29/06/1913
Juventude de Guaporé,Grêmio Esportivo Juventude,Guaporé,02/01/1941
Juventus de Santa Rosa,Juventus Atlético Clube,Santa Rosa,12/03/1951
Lajeadense,Clube Esportivo Lajeadense,Lajeado,23/04/1911
Marau,Futebol Clube Marau,Marau,21/06/2013
Nacional-CA,Esporte Clube Nacional,Cruz Alta,17/03/1941
Nacional-SL,Grêmio Esportivo Nacional,São Leopoldo,28/04/1915
Nova Prata,Associação Nova Prata de Esportes Cultura e Lazer,Nova Prata,10/04/2003
Novo Hamburgo,Esporte Clube Novo Hamburgo,Novo Hamburgo,01/05/1911
Novo Horizonte,Esporte Clube Novo Horizonte,Esteio,28/12/2008
PRS,Players RS Futebol Clube,Garibaldi,2015
Palmeirense,Esporte Clube Palmeirense,Palmeira das Missões,27/05/1919
Panambi,Sociedade Esportiva e Recreativa Panambi,Panambi,01/01/2004
Passo Fundo,Esporte Clube Passo Fundo,Passo Fundo,10/01/1986
Pedrabranca,Pedrabranca Futebol Clube,Alvorada,09/04/2001
Pedro Osório,Grêmio Esportivo Pedro Osório,Tupanciretã,21/03/1943
Pelotas,Esporte Clube Pelotas,Pelotas,11/10/1908
Porto Alegre,Porto Alegre Futebol Clube,Porto Alegre,10/06/2003
Pradense,Clube Atlético Pradense,Antônio Prado,06/11/1911
Pratense,Grêmio Esportivo Pratense,Nova Prata,11/01/1955
Real,Real Sport Club,Capão da Canoa,2005
Renner,Grêmio Esportivo Renner,Porto Alegre,27/07/1931
Rio Grande,Sport Club Rio Grande,Rio Grande,19/07/1900
Riograndense-CA,Grêmio Riograndense Futebol Clube,Cruz Alta,30/07/1929
Riograndense-PF,Riograndense Futebol Clube,Passo Fundo,08/08/1925
Riograndense-RG,Football Club Riograndense,Rio Grande,11/07/1909
Riograndense-SM,Riograndense Futebol Clube,Santa Maria,07/05/1912
S.E. São Borja,Sociedade Esportiva São Borja,São Borja,14/01/1977
Santa Cruz,Futebol Clube Santa Cruz,Santa Cruz do Sul,26/03/1913
Santa Rosa,Associação Santa Rosa de Esportes,Santa Rosa,10/03/1973
Santo Ângelo,Sociedade Esportiva e Recreativa Santo Ângelo,Santo Ângelo,26/09/1989
Sapiranga,Associação Esportiva Sapiranga,Sapiranga,07/08/1945
Sapucaiense,Grêmio Esportivo Sapucaiense,Sapucaia do Sul,28/07/1941
Sá Viana,Sá Viana Futebol Clube,Uruguaiana,20/02/1940
São Gabriel,Esporte Clube São Gabriel,São Gabriel,23/09/2013
São Gabriel,Sociedade Esportiva e Recreativa São Gabriel,São Gabriel,01/05/1979
São José,Esporte Clube São José,Porto Alegre,24/05/1913
São José CS,Grêmio Esportivo São José,Cachoeira do Sul,03/07/1968
São Luiz,Esporte Clube São Luiz,Ijuí,20/02/1938
São Paulo,Sport Club São Paulo,Rio Grande,04/10/1908
Ta-Guá,Tabajara-Guaíba Futebol Clube,Getúlio Vargas,27/01/1964
Tamoio,Tamoio Futebol Clube,Santo Ângelo,01/07/1944
Taquarense,Sport Club Taquarense,Taquara,30/11/1911
Taquariense,Grêmio Esportivo Taquariense,Taquari,03/08/1940
Torrense,Grêmio Esportivo Torrense,Torres,21/04/1949
Tresmaiense,Associação Tresmaiense de Esportes,Três de Maio,13/01/1992
Três Passos,Três Passos Atlético Clube,Três Passos,09/02/1966
Tupi,Tupi Futebol Clube,Crissiumal,01/05/1949
União Frederiquense,União Frederiquense de Futebol,Frederico Westphalen,03/08/2010
União Harmonia,União Harmonia Futebol Clube,Canoas,23/05/1954
Universal,Sport Club Universal,Uruguaiana,01/01/1925
Uruguaiana,Esporte Clube Uruguaiana,Uruguaiana,19/05/1912
Veranópolis,Veranópolis Esporte Clube Recreativo e Cultural,Veranópolis,15/01/1992
Veronese,Grêmio Esportivo Veronese,Canoas,01/05/1942
Veterano,Veterano Futebol Clube,Carazinho,25/10/1933
Ypiranga,Ypiranga Futebol Clube,Erechim,18/08/1924
